,0
0,pagecounts-20100627-090000.gz
1,pagecounts-20100628-020000.gz
2,pagecounts-20100627-120000.gz
3,pagecounts-20100627-110000.gz
4,pagecounts-20100616-170000.gz
5,pagecounts-20101215-200000.gz
6,pagecounts-20101203-150000.gz
7,pagecounts-20100616-160000.gz
8,pagecounts-20101111-080000.gz
9,pagecounts-20100628-060000.gz
10,pagecounts-20100627-230000.gz
11,pagecounts-20100628-040001.gz
12,pagecounts-20100627-150000.gz
13,pagecounts-20100628-030000.gz
14,pagecounts-20100627-190000.gz
15,pagecounts-20100627-160000.gz
16,pagecounts-20100627-140000.gz
17,pagecounts-20100504-020000.gz
18,pagecounts-20100616-190000.gz
19,pagecounts-20101127-100000.gz
20,pagecounts-20100627-220000.gz
21,pagecounts-20100627-130000.gz
22,pagecounts-20100616-200000.gz
23,pagecounts-20100627-100000.gz
24,pagecounts-20100628-050000.gz
25,pagecounts-20100728-060000.gz
26,pagecounts-20101027-170000.gz
27,pagecounts-20100627-180000.gz
28,pagecounts-20100302-040000.gz
29,pagecounts-20100628-070000.gz
30,pagecounts-20100628-000000.gz
31,pagecounts-20100616-180000.gz
32,pagecounts-20100627-170001.gz
33,pagecounts-20100608-030000.gz
34,pagecounts-20100628-010000.gz
35,pagecounts-20100627-200000.gz
36,pagecounts-20100627-210000.gz
